name,group,genome_size_mb,genes,avg_gc,avg_gene_length,hypothetical_fraction,atpase_genes,coding_density,GDI,PC1,PC2
Nanoarchaeum_equitans,DPANN,1.470618,1793,31.560750820562202,820.1996653653096,0.1561628555493586,8,0.4506097220937009,4.118089079355343,0.31114787782817244,-1.5004060934209806
Lokiarchaeota,Asgard,0.002952,6,46.26795558661386,492.0,0.3333333333333333,0,0.3297587131367292,37.13861922988494,-3.765693907261808,0.7615753018677908
Sulfolobus_solfataricus,TACK,2.591498,3169,36.31884660124816,817.765225623225,0.19154307352477123,7,0.44987395187013346,6.380559465596942,0.6674963234505225,-0.601801075714974
Escherichia_coli_K12,Bacteria,4.026887,4318,50.7929621856939,932.581519221862,0.0,9,0.48255740311402656,-2.859887008340989,2.7870497059831134,1.3406318672681627
